source,target,weight,source_x,source_y,target_x,target_y
Amogus DAO,SteakHut,4,-0.6415810585021973,-0.03959120064973831,-0.7889348268508911,-0.04884868860244751
OccamX,Crow Finance,4,0.728766143321991,-0.0015057050622999668,0.982123076915741,0.005567559972405434
Bepswap,Cyber Dog,4,0.2889450788497925,0.7485666275024414,0.31154778599739075,0.798409640789032
Tokemak,Retro,2,-0.20281119644641876,-0.7513058185577393,-0.24504458904266357,-0.9144983887672424
Smoothy,KDLaunch,9,0.6400948762893677,-0.5280617475509644,0.7794753909111023,-0.6424425840377808
Steer Protocol,Blur Finance,3,0.9189505577087402,-0.04594498127698898,0.981669545173645,-0.04870622232556343
Sushi Furo,FRAKT,2,0.9031659364700317,-0.035210564732551575,0.9771320223808289,-0.038053110241889954
Olive,DexPad,10,0.47962987422943115,0.6473926901817322,0.5976818203926086,0.8197541832923889
Armor,World Mobile Token,10,-0.2774335741996765,-0.6688744425773621,-0.36690086126327515,-0.889751136302948
OneSwap,MantaDAO,4,0.2290583848953247,0.7508736848831177,0.27146726846694946,0.895568311214447
Composable Finance,Monoceros,2,-0.23364770412445068,-0.6692810654640198,-0.3084481656551361,-0.9609895348548889
PieDAO,Canary,10,0.6539388298988342,0.42919325828552246,0.6942894458770752,0.4560734033584595
Pluto,AdaSwap,6,-0.5289925932884216,-0.429972380399704,-0.5572888255119324,-0.45260584354400635
Ensuro,BiShares,7,-0.37803807854652405,0.6420007348060608,-0.3925192952156067,0.6669545769691467
zkBob,Lybra V1,6,0.6854318976402283,0.5154168009757996,0.780141294002533,0.5855869650840759
Bunni,Clearpool,7,-0.5260908007621765,-0.6026377081871033,-0.6119335889816284,-0.70525062084198
Grape Finance,Synthetify,5,-0.6701890826225281,0.6274855136871338,-0.7406795620918274,0.6938713788986206
Ideamarket,Aries Markets,4,-0.6454828381538391,-0.492655873298645,-0.7747026085853577,-0.5927206873893738
Atrix,Tranquil Finance,9,-0.6563060283660889,-0.3748156726360321,-0.8967456221580505,-0.4996228814125061
Pacoca,MyTrade,9,-0.2951638102531433,-0.5216693878173828,-0.32299691438674927,-0.5743067264556885
Kava Football Club,Collectif DAO,2,0.7282726168632507,-0.05850287526845932,0.9545503258705139,-0.06969530880451202
Libero Financial,USDFI Lending,2,0.6640089154243469,-0.42798471450805664,0.824359118938446,-0.5289161205291748
GETH,SALSA,2,0.36413928866386414,-0.8249768018722534,0.400823175907135,-0.9142293334007263
SwapMatic,FIAT DAO,1,0.26394200325012207,-0.8391455411911011,0.2918460965156555,-0.9267510175704956
Dinosaur Eggs,Reax Lending,10,-0.468787282705307,-0.7369474172592163,-0.5035104751586914,-0.7925446629524231
Stakerz,SoliSnek Finance,9,-0.21732236444950104,0.6174952387809753,-0.3286055624485016,0.9324846267700195
Spice Finance,BackedFi,4,-0.7027516961097717,0.3332732319831848,-0.8121067881584167,0.38335078954696655
Promethium,BLEX,3,0.8769718408584595,-0.4177217185497284,0.9032418131828308,-0.42957478761672974
Uniwhale,Neutra Finance,8,-0.7023025155067444,0.14628298580646515,-0.9658339619636536,0.1905234307050705
SportBet,Dopple Finance,8,0.05652061477303505,0.8494338393211365,0.061030007898807526,0.9231449365615845
Duet Protocol,FairySwap V1,4,-0.3619915246963501,0.9129088521003723,-0.3737230896949768,0.9471316337585449
MarshmallowDeFi,DEUS Finance,3,-0.7997550368309021,0.22551588714122772,-0.9456691145896912,0.26492807269096375
Jadeswap,RskSwap,2,-0.4960746169090271,-0.5781872868537903,-0.5086921453475952,-0.5925867557525635
Concentrator,Lizard,4,-0.6167783141136169,-0.458039253950119,-0.8267594575881958,-0.6138339638710022
Ease.org,BenSwap,6,-0.8152787685394287,-0.2233293503522873,-0.962593674659729,-0.25921201705932617
Energon DEX,Lixir Finance,10,-0.4882018566131592,-0.8515793681144714,-0.36821112036705017,-0.9437480568885803
Energon DEX,UrDEX Finance,8,-0.4882018566131592,-0.8515793681144714,-0.6444913744926453,-0.7883541584014893
CACHE.Gold,Cubo,9,0.8449919819831848,-0.11921403557062149,0.9300210475921631,-0.13157068192958832
Marinade Finance,Kokonut Swap,2,-0.5874539017677307,-0.13563556969165802,-0.6608203053474426,-0.15178030729293823
Tonic,Meta Pool Near,5,0.12658348679542542,-0.9063464999198914,0.12834402918815613,-0.9192670583724976
Katana DEX,OlympulseX,2,-0.8046589493751526,0.013370023109018803,-0.8598881959915161,0.01381103415042162
Mockingbird,NerveSwap,7,0.7770541906356812,0.19414594769477844,0.8196064829826355,0.20439746975898743
ChainGPT,IFSwap,4,-0.7374264001846313,0.17057709395885468,-0.5630654692649841,0.759939432144165
ChainGPT,Tranche Finance,5,-0.7374264001846313,0.17057709395885468,-0.896999180316925,-0.35560598969459534
Sui,X2Y2,9,-0.5930959582328796,0.43154066801071167,-0.8153768181800842,0.5946397185325623
basedmarkets,Structured LSD,10,0.7269582748413086,0.06344105303287506,0.9931238293647766,0.08349227905273438
Chronos V2,HashDAO Finance,3,-0.40904322266578674,0.9030126333236694,-0.41061094403266907,0.9090489745140076
Nitron,Evmos DAO,2,0.15407462418079376,-0.800651490688324,0.1844957172870636,-0.9768462181091309
88mph,Edge Protocol,6,-0.7975103855133057,0.4058949053287506,-0.9067350029945374,0.45786625146865845
BabelFish,Phantom Finance,4,0.3577794134616852,0.8175978660583496,0.3574523329734802,0.8218395709991455
ReHold V2,Fraxlend,8,-0.20511430501937866,0.6592606902122498,-0.20976759493350983,0.6756339073181152
Arcanum,QAO,10,-0.537992000579834,-0.6934521794319153,-0.5715014338493347,-0.7371059656143188
Quillswap,Cake Monster,5,-0.054596465080976486,-0.6857050657272339,0.11764585971832275,-0.9887330532073975
Quillswap,MantaSwap,1,-0.054596465080976486,-0.6857050657272339,-0.6760265231132507,-0.71238112449646
VivaLeva Protocol,CyberTime,2,-0.865355908870697,-0.2909087836742401,-0.8901758193969727,-0.29904866218566895
Ekubo,MilkyWay,9,0.35594144463539124,0.6109310388565063,0.4640865623950958,0.8071372509002686
VeRocket,RCPswap,7,0.8310794830322266,0.18446095287799835,0.9465973973274231,0.20884524285793304
GxyPad,Foodcourt,3,0.1557176411151886,0.7272078394889832,0.1992882490158081,0.9600037336349487
ReactorFusion,MM Finance Arbitrum V3,6,-0.575763463973999,-0.5198755264282227,-0.7124549746513367,-0.6478622555732727
Picnic,Baker Guild,4,-0.7139251232147217,0.4633430242538452,-0.7401071786880493,0.48018255829811096
DexFinance BSC,ExinPool,2,0.6939693689346313,-0.22781941294670105,0.7184904217720032,-0.23487654328346252
NewDex,UNO farm,2,0.2946655750274658,-0.6345775723457336,0.4265633821487427,-0.9204049706459045
Swipe,CakeDAO,5,-0.3776153028011322,0.6499772071838379,-0.48884057998657227,0.8499627113342285
Velodrome V2,FVM Exchange,9,0.3610694408416748,-0.6116374731063843,0.3724476397037506,-0.6319561004638672
IceCream Finance,Impermax Finance,1,-0.012201777659356594,-0.8710012435913086,-0.014114460907876492,-0.9758331179618835
Warp Protocol,MetaTdex,9,0.48024293780326843,-0.3525629937648773,0.8887890577316284,0.1347050666809082
Warp Protocol,Piggy,7,0.48024293780326843,-0.3525629937648773,0.019441211596131325,-0.9066417217254639
Just Yield,Equito Finance,2,-0.3933357000350952,0.6155698299407959,-0.504635214805603,0.7975565195083618
RagnarokDAO,L2BEAT,4,0.7270388603210449,0.3751745820045471,0.8634299635887146,0.44507238268852234
CroLend Finance,Hidden Hand,1,-0.7160218954086304,0.18619634211063385,-0.9736103415489197,0.25600776076316833
Raven,THENA ALPHA,5,0.1341041624546051,0.7385383248329163,0.17058268189430237,0.9271143078804016
Kinza Finance,BroSwap,6,0.5709214806556702,-0.5068835020065308,0.7093220353126526,-0.6306100487709045
Autofarm,Thales,10,-0.45093926787376404,0.557255744934082,-0.7998479008674622,0.24956576526165009
Autofarm,Chainlink VRF V2,6,-0.45093926787376404,0.557255744934082,-0.003750832285732031,0.9581201076507568
Solanax,Obric,9,0.6121950745582581,-0.4093378782272339,0.851163387298584,-0.5507369637489319
GemMine,Goledo,10,0.7067325115203857,0.03959338739514351,0.9796451926231384,0.0641913190484047
Katana,Unizen,3,-0.3151497542858124,0.8959316611289978,-0.32397976517677307,0.9233002066612244
Float Protocol,DogePup,5,-0.1127035990357399,0.6798220872879028,0.25517481565475464,0.895372748374939
Float Protocol,Parallel Liquid Staking,1,-0.1127035990357399,0.6798220872879028,-0.9371264576911926,0.20188352465629578
Firi,PolyYeld Finance,10,0.005251203663647175,-0.7168956398963928,0.0058999746106565,-0.9279239773750305
Stake.ly,Opium,5,0.6141853928565979,0.7073128819465637,0.6619100570678711,0.7633501291275024
SideShift,Epsylon Finance,3,-0.7816055417060852,0.39239436388015747,-0.8749906420707703,0.4381319582462311
BeamSwap Stable AMM,Droplit Protocol,9,0.29937824606895447,-0.8943725824356079,0.31541934609413147,-0.9462989568710327
Dypius,BSCSwap,3,0.21453268826007843,0.82398521900177,0.23296567797660828,0.8987792730331421
OpenSea V1,Lien,6,0.6153551340103149,-0.5584444999694824,0.6396348476409912,-0.5806728005409241
Dolomite,Gensokishi,9,-0.09758741408586502,-0.3069300055503845,-0.5462178587913513,-0.7616280913352966
Dolomite,Champion Finance,4,-0.09758741408586502,-0.3069300055503845,0.5735833644866943,0.3750832974910736
Inuswap,XLSD,10,0.2507404685020447,-0.8081179857254028,0.2797304391860962,-0.9053898453712463
SugarSwap,Clober,7,-0.6409008502960205,0.10917115211486816,-0.9424846768379211,0.17050857841968536
CrowdSwap,DeepSeaDAO,5,0.24359548091888428,-0.6441935896873474,0.2614438831806183,-0.6930881142616272
01,Glacier Exchange V3,7,-0.30895882844924927,0.8401681184768677,-0.3350241780281067,0.9154439568519592
dHEDGE,Swapscanner Dex,1,0.3356465697288513,-0.5763610005378723,0.38155514001846313,-0.6662732362747192
4Swap,Furucombo,6,-0.14276458323001862,-0.6989437937736511,-0.1726500391960144,-0.8503960371017456
Magnate Finance,BenSwap,8,-0.8462409973144531,-0.23125778138637543,-0.962593674659729,-0.25921201705932617
Emp Money,Pulsar Swap,8,-0.2542217969894409,0.5516981482505798,-0.9542214274406433,0.2512491047382355
Emp Money,Pika,8,-0.2542217969894409,0.5516981482505798,0.44444507360458374,0.8541950583457947
DefiEdge,Celerycash,5,0.6964911222457886,-0.4260420799255371,0.8733235597610474,-0.5262603163719177
Sterling Finance,Wasabi,7,0.5901963710784912,-0.7511594891548157,0.6156089901924133,-0.7843140363693237
KyberSwap Classic,NetSwap,8,0.26111114025115967,-0.8061892986297607,0.26877331733703613,-0.8312966823577881
Karura Liquid-Staking,Onyx Protocol,5,-0.23969614505767822,-0.8472182750701904,-0.2527637779712677,-0.8968728184700012
Bright Union,Traddify Arbitrage,7,-0.317828506231308,-0.8766270279884338,-0.3426549434661865,-0.9525238275527954
Parallel Lending,Wrapped,1,-0.08173715323209763,-0.8620016574859619,-0.09215430170297623,-0.9928191304206848
Mycelium Perpetual Pools,StakeStone,8,-0.35704195499420166,0.6457874178886414,-0.4360983371734619,0.7899471521377563
Swapscanner Dex,SwapFish,5,0.38155514001846313,-0.6662732362747192,0.49515286087989807,-0.8871527910232544
SaucerSwap,Scale,10,-0.8132928013801575,0.2535877525806427,-0.886126697063446,0.27519577741622925
Aperture LM,KlayBank,10,0.4797890782356262,0.7496787905693054,0.5394755005836487,0.8452108502388
Jade Protocol,Bifrost Dex,3,0.003769471077248454,0.8854113817214966,0.0031768279150128365,0.9784619808197021
PadSwap,Tulip,4,-0.3480297327041626,-0.3591735064983368,-0.3494119346141815,-0.36413511633872986
MineFi,Photon Protocol,5,0.08074752241373062,0.6549134850502014,0.08677800744771957,0.7061401009559631
Rainbow,Meta Pool ETH,2,-0.747447669506073,0.4197866916656494,-0.851676344871521,0.4760352373123169
Gravity Bridge,Summit Defi,3,-0.3447117507457733,-0.36872220039367676,0.6081564426422119,-0.7988292574882507
Gravity Bridge,WOO X,10,-0.3447117507457733,-0.36872220039367676,-0.8670958876609802,-0.1328941136598587
Caviar V2,Timeswap V2,3,0.2660745084285736,-0.7122333645820618,0.3148729205131531,-0.8442875742912292
AGS Finance,TTswap,9,0.5362582206726074,0.36924001574516296,0.6842498183250427,0.4769068658351898
Beluga Protocol,Opyn Squeeth,4,0.2297690063714981,0.8004690408706665,0.23820652067661285,0.8286552429199219
Canto,Tectonic,5,-0.5265430808067322,0.583753228187561,-0.6802756190299988,0.7584941387176514
DeepSeaDAO,IcecreamSwap,6,0.2614438831806183,-0.6930881142616272,0.3219263255596161,-0.8600930571556091
Flux Protocol,PepeTeam sWAVES,6,-0.1298181116580963,0.641136646270752,-0.19880740344524384,0.9366458654403687
Starswap Starcoin,ShiftDollar,6,-0.4551655948162079,-0.693000853061676,-0.5524251461029053,-0.849208652973175
v2swap,PoolTogether,2,0.5657461285591125,0.4767068326473236,0.6322451829910278,0.5423417687416077
Collectif DAO,OpenBiSea,2,0.9545503258705139,-0.06969530880451202,0.9951292276382446,-0.07167665660381317
Paraswap,MyMine,2,0.5281465649604797,-0.5608259439468384,0.6670715808868408,-0.7145530581474304
Bear Finance,Phoenix Ergo,8,0.45772701501846313,-0.6512218117713928,0.5607464909553528,-0.843141496181488
Bear Finance,Kaidex,8,0.45772701501846313,-0.6512218117713928,0.5771583914756775,-0.7640987634658813
SteakHut,MiniSwap,3,-0.7889348268508911,-0.04884868860244751,-0.9564104080200195,-0.05908463895320892
ExinPool,Axion,2,0.7184904217720032,-0.23487654328346252,0.9273309707641602,-0.29456934332847595
Tranchess Yield,LSDx ETHx,8,-0.42658817768096924,-0.6918368935585022,-0.5129494071006775,-0.8402743935585022
Oswap AMM,Numoen,3,-0.5226043462753296,-0.0034718401730060577,-0.043361470103263855,0.9604705572128296
Oswap AMM,Banksy Farm,9,-0.5226043462753296,-0.0034718401730060577,-0.80040442943573,-0.5604142546653748
Giveth,Everlend,10,-0.8522241711616516,0.15462741255760193,-0.8525531888008118,0.09423067420721054
Giveth,OVR,2,-0.8522241711616516,0.15462741255760193,-0.8228127956390381,0.49405723810195923
Giveth,Pawnfi Lending,9,-0.8522241711616516,0.15462741255760193,-0.9994748830795288,0.05666710436344147
Canary,Sakai Vault,6,0.6942894458770752,0.4560734033584595,0.7292439937591553,0.4793732464313507
Mimo,UniWswap AMM,10,0.38597628474235535,0.820514976978302,0.4266738295555115,0.917828381061554
ExinSwap,Bridge Mutual,2,0.6407256722450256,-0.04303634539246559,0.6851012110710144,-0.04524531960487366
Velocore V2,RetroDefi,6,-0.4472084641456604,0.6080613136291504,-0.6054693460464478,0.8505674600601196
Meme Dollar,Pulsar Money,5,-0.6416705250740051,0.3007291555404663,-0.7298306226730347,0.3388334810733795
ZyberSwap Stableswap,ParaSpace APE Staking V1,3,-0.5579398274421692,0.5059595704078674,-0.7088205814361572,0.6466631889343262
El Dorado Exchange,NEUY,3,0.20115187764167786,-0.036770161241292953,-0.9350813031196594,0.033578671514987946
El Dorado Exchange,Agni Finance,9,0.20115187764167786,-0.036770161241292953,0.8578078150749207,-0.07727809250354767
CitaDAO,Range Protocol,1,0.8376916646957397,-0.30207693576812744,0.9254484176635742,-0.3326683044433594
Kava Lend,Karura Liquid-Staking,8,-0.19505687057971954,-0.6781845092773438,-0.23969614505767822,-0.8472182750701904
Optyfi,Muffin,5,-0.5677825808525085,0.6300970315933228,-0.6366860270500183,0.7066160440444946
SWFT,Polynomial Earn,10,-0.4907403290271759,-0.6271981596946716,-0.5846033692359924,-0.7479081749916077
Forthewin Network,Horizon Protocol,10,-0.7793514132499695,-0.1537363976240158,-0.9774754047393799,-0.1865091770887375
DerpDEX,Kalmy App,1,-0.02207784540951252,-0.8678759932518005,-0.02486357092857361,-0.9587294459342957
VeniceSwap,Arrakis V1,7,-0.7269822955131531,-0.5976544618606567,-0.746748149394989,-0.6138307452201843
Goldfinch,Baguette,5,0.6799039840698242,0.3864452540874481,0.7730621695518494,0.4409371316432953
Ara Finance,CoinDrip,7,0.8359073400497437,-0.10622266680002213,0.899160623550415,-0.11501316726207733
CENNZnet Bridge,Pony Finance,9,-0.6594699621200562,-0.22704997658729553,-0.9593990445137024,-0.31833022832870483
BAO Markets,YieldBank,9,0.14480678737163544,-0.6757141351699829,0.19439710676670074,-0.970986008644104
TiPiDao,BXH,7,-0.6701221466064453,-0.1513608992099762,-0.9743748903274536,-0.219745472073555
Nostra mainnet,ether.fi,8,-0.732306182384491,0.5620341897010803,-0.7706059813499451,0.591494083404541
SharkSwap,IQ,6,-0.20906059443950653,0.6432265639305115,-0.24038752913475037,0.7424131631851196
Hundred Finance,OnePunchSwap,3,0.6647766828536987,0.1942465752363205,0.709553062915802,0.20647001266479492
Solrise Finance,The Parallel,10,0.07898499816656113,0.8265582323074341,0.08246553689241409,0.8603877425193787
Meridian Trade,Subzero+,6,0.6318877339363098,-0.3822847604751587,0.8462257981300354,-0.5069165229797363
Aptin Finance,Kimochi,2,0.4071681797504425,-0.4490611255168915,0.9648787975311279,0.16958004236221313
Aptin Finance,Ice DAO,3,0.4071681797504425,-0.4490611255168915,-0.20931893587112427,-0.9563541412353516
Aptin Finance,Bridge LZ,2,0.4071681797504425,-0.4490611255168915,0.9186068773269653,-0.2828393578529358
Solid World,Goblins Cash,9,0.8341143131256104,-0.011129719205200672,0.9186528325080872,-0.012437339872121811
DeFis Network,fees.wtf,2,0.31018272042274475,0.22502265870571136,0.26766830682754517,0.8311920166015625
DeFis Network,FVM Exchange,1,0.31018272042274475,0.22502265870571136,0.3724476397037506,-0.6319561004638672
ShadeSwap,Platypus Finance,4,0.8578253984451294,0.057201407849788666,0.9159778356552124,0.06082182750105858
Spartan,Spice Trade,9,0.9002791047096252,-0.18095174431800842,0.9614709615707397,-0.1925281137228012
Baker Guild,Tealswap,1,-0.7401071786880493,0.48018255829811096,-0.7590160965919495,0.49309128522872925
SpiralDao,PHUX,2,-0.5245878100395203,0.6080611348152161,-0.5886051058769226,0.6834840774536133
Hedgehog,Tornadao,8,0.3362463414669037,0.7657882571220398,0.3917580246925354,0.8941391110420227
KlaySwap V3,Swarm Markets,9,-0.8400776386260986,0.1360182911157608,-0.8977392315864563,0.1454174667596817
cipher.rip,Friends With Benefits,1,-0.44907906651496887,0.4962374269962311,-0.4744044244289398,0.5245041251182556
Agora,Back Finance,7,-0.3371524214744568,-0.36906811594963074,-0.34153661131858826,-0.37074214220046997
Sable Finance,MarshmallowDeFi,7,-0.7367569804191589,0.2083444744348526,-0.7997550368309021,0.22551588714122772
Ditto,Brokkr Finance,7,-0.8961561322212219,0.11459676921367645,-0.9603083729743958,0.12222595512866974
Dyson,LendHub,3,-0.7647491693496704,0.1156134381890297,-0.9814852476119995,0.14877210557460785
Stacker Ventures,Daytona Finance,7,-0.5707978010177612,0.49191081523895264,-0.7731351852416992,0.6565048098564148
Cron Finance,DX25,2,0.037527866661548615,0.7635498046875,0.04572143405675888,0.9948051571846008
Vigor,Pact,5,-0.27017778158187866,-0.17088933289051056,0.21650591492652893,-0.9689785838127136
Vigor,Poof Cash,6,-0.27017778158187866,-0.17088933289051056,-0.7152183651924133,0.556563138961792
IFPool,BaySwap,4,0.5095255970954895,-0.5675116181373596,0.6142299175262451,-0.6870681643486023
CapitalDEX,Nolus Protocol,8,-0.286406546831131,0.8930351138114929,-0.30500683188438416,0.9560312032699585
SpaceFi Scroll,Colony,6,0.3697327971458435,0.5420971512794495,0.5031943321228027,0.7377767562866211
Twindex,Fei Protocol,4,0.8145641684532166,-0.2618453800678253,0.7474293112754822,-0.5942672491073608
Twindex,Platypus Finance,4,0.8145641684532166,-0.2618453800678253,0.9159778356552124,0.06082182750105858
XY Finance,Comfy Money,3,0.8429449796676636,0.09311839938163757,0.8877252340316772,0.09732412546873093
Raft,OpenDAO,8,0.8560389280319214,0.37992605566978455,0.9204484224319458,0.4068606495857239
Illuminate,Multiplier,4,0.16222617030143738,-0.7774849534034729,0.1932506114244461,-0.9356130957603455
ThunderPOKT,Freebie Life Finance,2,0.8041709661483765,0.24337011575698853,0.9404786825180054,0.28438952565193176
SpiritSwap AMM,Jelly,3,-0.04282030463218689,0.8202399611473083,-0.05021563544869423,0.9438906311988831
Securo Finance,Sommelier,5,-0.1828508973121643,-0.8563627600669861,-0.20764030516147614,-0.9851809740066528
Winkyverse,Angle,3,0.18994344770908356,0.6170105934143066,0.2897244095802307,0.9307494759559631
Router Protocol,Ethereum Foundation,10,-0.02098599448800087,0.693748414516449,-0.024979686364531517,0.7609094381332397
Yield Yak Aggregator,Angel Protocol,3,-0.5684207081794739,0.46411991119384766,-0.7968856692314148,0.6461396217346191
Lif3 Trade,Rift Finance,7,0.7499261498451233,-0.3188701272010803,0.8790032267570496,-0.37454965710639954
ADAX Pro,Edge Protocol,4,-0.7146402597427368,0.3687222898006439,-0.9067350029945374,0.45786625146865845
Perion,Harvest Finance,7,0.4173295497894287,0.7255690097808838,0.47983959317207336,0.8356666564941406
KwikSwap,Ambient,2,-0.6796861886978149,0.5417866110801697,-0.7430307269096375,0.5914720892906189
zkBoost,Wisteria Swap,7,-0.4682462215423584,0.500170886516571,-0.6042648553848267,0.6478662490844727
TroyDefi,Chikn Farm,7,-0.6940772533416748,0.3821977376937866,-0.873386561870575,0.4763953685760498
Kimberlite,ZoomSwap,10,-0.07747386395931244,-0.8630869388580322,-0.08073236048221588,-0.9028657674789429
Astral Farm,Spartacus,9,-0.44298338890075684,0.7420377135276794,-0.4811422824859619,0.8067600131034851
AdaSwap,VampireSwap,4,-0.5572888255119324,-0.45260584354400635,-0.6770227551460266,-0.5483598113059998
Beefy,AntiHero Finance,8,-0.5937819480895996,0.4469459354877472,-0.7070268392562866,0.5317955017089844
PancakeSwap AMM V3,Zharta,4,-0.382118821144104,0.7165057063102722,-0.44307956099510193,0.8335773348808289
Yup,Reax Assets,10,0.5096267461776733,0.467643141746521,0.7102158069610596,0.6503158211708069
NerveSwap,Ruby.Exchange Stable,8,0.8196064829826355,0.20439746975898743,0.8626229166984558,0.21480460464954376
Comb Financial,SharedStake,2,-0.6390897035598755,0.1780240386724472,-0.2549225091934204,-0.930607259273529
Comb Financial,FairySwap V2,10,-0.6390897035598755,0.1780240386724472,-0.8118457794189453,0.6734293103218079
Algofi Swap,CronaSwap,9,0.10270610451698303,-0.9250237941741943,0.10492246598005295,-0.9454445838928223
RociFi V2,RagnarokDAO,8,0.6659818291664124,0.3439142107963562,0.7270388603210449,0.3751745820045471
QuipuSwap V3,tBTC,6,0.6938146948814392,-0.5689705610275269,0.7979825735092163,-0.6537277102470398
Bitfinex,SuperLauncher,10,0.6388218402862549,-0.33469173312187195,0.8043428063392639,-0.42285236716270447
Allbridge,LooksRare,6,0.3434255123138428,-0.580088198184967,0.35552769899368286,-0.601762592792511
Astar Exchange V3,mirrosset,1,0.7317405939102173,-0.04764436185359955,0.7494655251502991,-0.04920205473899841
Swivel Finance,StrategyX Finance,8,-0.5672879815101624,0.5350934267044067,-0.7480546236038208,0.712276816368103
MyTrade,FLRFarm,9,-0.32299691438674927,-0.5743067264556885,-0.49642375111579895,-0.9043930768966675
Kommunitas,Vigor,9,-0.26948198676109314,-0.17146863043308258,-0.27017778158187866,-0.17088933289051056
Pinnako,MM Optimizer,6,0.7989944815635681,-0.3512565791606903,0.9290571212768555,-0.4031396806240082
WaterDendy,Polkastarter,4,-0.8065953850746155,0.32849156856536865,-0.8728740811347961,0.355538934469223
Vires Finance,CakeDAO,10,-0.33457517623901367,0.5724601745605469,-0.48884057998657227,0.8499627113342285
Hunny Finance,Multialt,1,0.46785226464271545,-0.44511011242866516,-0.81194669008255,-0.41611742973327637
Hunny Finance,BabyDogeSwap,8,0.46785226464271545,-0.44511011242866516,0.92038893699646,-0.4550893306732178
neuron,RCPswap,9,0.8142892122268677,0.18082217872142792,0.9465973973274231,0.20884524285793304
HashMix FIL,Euler,4,-0.6867893934249878,0.25046154856681824,-0.9076160788536072,0.32821938395500183
Milko Farm,PEAKDEFI,8,0.771298885345459,-0.1751418560743332,0.9795330762863159,-0.21459738910198212
Draco Finance,Daytona Finance,1,-0.6452316641807556,0.5476450324058533,-0.7731351852416992,0.6565048098564148
NetSwap,LaserSwap,6,0.26877331733703613,-0.8312966823577881,0.2885110080242157,-0.8958834409713745
Orchai,Baklava Space,1,0.6708559393882751,-0.4564790725708008,0.7435934543609619,-0.5064457058906555
Argano,Overnight USDT+,8,0.8889198303222656,0.040173184126615524,0.9272892475128174,0.041803352534770966
ARPA Staking,FLRLoans,5,-0.6993610262870789,-0.2053542584180832,-0.9174014329910278,-0.2661896347999573
Greenhouse,CashCow Finance,10,0.04114193096756935,-0.9125745296478271,0.04373382031917572,-0.9912327527999878
Aelin,BeGlobal Finance,8,0.6753371953964233,-0.5428393483161926,0.7730273604393005,-0.621208131313324
StableBase,PulseX V1,8,0.4894726872444153,-0.5482392311096191,0.6193833351135254,-0.6986960172653198
NiiFi,BastilleDeLaBouje,5,0.8792455792427063,0.06247488781809807,0.9681859016418457,0.06816756725311279
Mute.io,ViteX,3,0.3065595030784607,-0.7199031710624695,0.388080894947052,-0.9329452514648438
EvmoSwap,IoTeX Monster Go,10,-0.8076639771461487,-0.02636304683983326,-0.9273135662078857,-0.030127674341201782
JBC.Finance,Solarflare,10,-0.6692640781402588,0.43836456537246704,-0.6996030807495117,0.4581182599067688
CyborgSwap,Droplit Protocol,4,0.2766861021518707,-0.8216373920440674,0.31541934609413147,-0.9462989568710327
gALGO Liquid Governance,pNetwork,8,0.27728328108787537,0.6466338038444519,0.38476377725601196,0.9167320728302002
Meter Passport,Superfluid,1,0.9211507439613342,0.3334503769874573,0.9070864915847778,0.32937175035476685
Kokonut Swap,VoltSwap,10,-0.6608203053474426,-0.15178030729293823,-0.8925700187683105,0.05885308235883713
Kokonut Swap,Bitget,10,-0.6608203053474426,-0.15178030729293823,-0.8536150455474854,-0.4324951469898224
AstarFarm,Fantasm,1,0.7912646532058716,0.26252901554107666,0.918116569519043,0.3021696209907532
PhotonSwap Finance,Nexus Mutual,7,0.8158373832702637,0.02323642559349537,0.8482697606086731,0.024589460343122482
sICX,Acala LCDOT,6,-0.2341906875371933,-0.7290632724761963,-0.25915130972862244,-0.8044536709785461
OMT Finance,hub3,5,-0.2617895305156708,0.6997419595718384,-0.3046046197414398,0.8298660516738892
Pizza,Milky Cow,1,-0.486709326505661,-0.5126185417175293,-0.53083735704422,-0.5589214563369751
Aquarius,Arkham,4,0.41622301936149597,0.7716973423957825,0.43878915905952454,0.8149890303611755
Juicebox V1,Kava Boost,1,0.44832828640937805,0.6216341257095337,0.5692168474197388,0.7916195392608643
Dark Matter,Nouns,10,-0.6761441230773926,0.3837263286113739,-0.7828801870346069,0.4443965256214142
N3RD Finance,Metapoly,2,-0.29719534516334534,-0.7160239815711975,-0.36290866136550903,-0.8772620558738708
OnePunchSwap,Fuzio,7,0.709553062915802,0.20647001266479492,0.938016951084137,0.26914799213409424
Champion Finance,Sakai Vault,3,0.5735833644866943,0.3750832974910736,0.7292439937591553,0.4793732464313507
Cranium Exchange,Ease.org,9,0.006565496791154146,-0.22064441442489624,-0.8152787685394287,-0.2233293503522873
Cranium Exchange,ClayStack,8,0.006565496791154146,-0.22064441442489624,0.8768425583839417,-0.2179061621427536
Enzyme Finance,Stand Cash,7,0.6242935657501221,-0.2067672312259674,0.654403805732727,-0.21688860654830933
Fluity,Delta Financial,4,0.3657364249229431,-0.7075355052947998,0.4147343933582306,-0.8049443960189819
Zenith,Kurrency,6,0.10841626673936844,-0.098380446434021,0.9852085709571838,0.15454091131687164
Zenith,Base3D,5,0.10841626673936844,-0.098380446434021,-0.8508152365684509,-0.37376415729522705
DotOracle,Astarter Launch,5,0.27074185013771057,-0.674603283405304,0.31884315609931946,-0.7972716093063354
Wrapped ILCOIN,Tonpound,8,0.1228916123509407,0.7069886326789856,0.1624288558959961,0.9458686709403992
Unagii,Altitude,8,0.46859070658683777,-0.1525440663099289,0.47241348028182983,-0.15528860688209534
ElonSwap,2omb Finance,7,0.4693513512611389,-0.5206943154335022,0.6544394493103027,-0.7367200255393982
Tender Finance,Only1,2,-0.3352207541465759,-0.8674774169921875,-0.3300158679485321,-0.8666845560073853
Yapeswap,Raft,5,0.7071906328201294,0.3174857199192047,0.8560389280319214,0.37992605566978455
FVM Exchange,Unit Protocol,8,0.3724476397037506,-0.6319561004638672,0.4489509165287018,-0.7687070369720459
Trusted Node,Moola Market,6,0.773293137550354,-0.4312398135662079,0.8411936163902283,-0.46901649236679077
Ignite Finance,Cometh,2,-0.0676104947924614,0.7784930467605591,-0.08541972190141678,0.9934709668159485
ShapeShift,CryptEx Locker,6,-0.6599066853523254,0.27365878224372864,-0.8838237524032593,0.37112006545066833
The Sandbox,DarkSwap,2,0.706022322177887,0.45938846468925476,0.8344845771789551,0.5416436195373535
Mars Protocol,Scallop Pool,1,0.2214687615633011,-0.7623651623725891,0.24578525125980377,-0.8558454513549805
Larix,Golem Network,7,0.36604949831962585,-0.8276804089546204,0.3946501910686493,-0.8960806131362915
RaDao,Tonstakers,10,-0.42884600162506104,-0.6255072951316833,-0.486115425825119,-0.7089481353759766
Starlay Finance,Pidao Finance,6,0.6843472123146057,-0.42842963337898254,0.8804032206535339,-0.5450955033302307
ArbiTen,Gamblefi,4,-0.566670835018158,-0.6647140383720398,-0.6433599591255188,-0.7557711601257324
BNBMiner Finance,BMX,6,0.6178229451179504,0.43797168135643005,0.7835641503334045,0.5524997115135193
HERE Wallet staking,CerberusDAO,9,0.21946007013320923,-0.9227110743522644,0.22814562916755676,-0.9632573127746582
PULI,BaksDAO,7,0.3883141279220581,-0.7967976927757263,0.43097272515296936,-0.8888154625892639
Mint Club,Lago Bridge,6,-0.8197075128555298,0.46733367443084717,-0.8934569954872131,0.5063402056694031
Brokoli Network,DebtDAO,9,0.6774579882621765,0.2218736857175827,0.9277002215385437,0.28997865319252014
OKC Liquid Staking,Crabada,8,-0.07436815649271011,-0.7294591665267944,-0.10103633254766464,-0.9657871127128601
Bluefin,Jumbo Exchange,2,-0.5357295274734497,0.548650860786438,-0.6448628306388855,0.6612847447395325
MooniSwap,EsdtMarket,5,-0.08036227524280548,0.9222529530525208,-0.0843106210231781,0.9674052596092224
BlackBird Finance,Alyx finance,9,-0.055522371083498,-0.7857269644737244,-0.06764267385005951,-0.9480417966842651
Starbank,Definix,5,-0.27364590764045715,0.6971755027770996,-0.3479797840118408,0.9150362610816956
GPLX,SpaceFi Evmos,8,-0.7529894709587097,0.2874181866645813,-0.8069320321083069,0.3075821101665497
HXRO Network,Astar Exchange V3,10,0.7059876918792725,-0.046298086643218994,0.7317405939102173,-0.04764436185359955
FTM Frens,Bomb Money,8,0.8453521132469177,0.18559139966964722,0.8748211860656738,0.19221331179141998
Moremoney,Orcus Finance,3,-0.5226259827613831,-0.48081764578819275,-0.7808982133865356,-0.7174471020698547
Yam Finance,LazyFi,6,0.5943720936775208,-0.39647045731544495,0.8732713460922241,-0.5637152791023254
SuperFarm,Baso Finance,6,0.21348904073238373,0.6911855340003967,0.2810235917568207,0.9031260013580322
StakedICP,EOSWAP Finance,3,-0.649380624294281,0.4346485435962677,-0.7349604368209839,0.4920065402984619
UniFi Staking,Genius,5,0.6762779355049133,0.5527237057685852,0.7613815069198608,0.6221754550933838
UltronSwap,Orderly Network,8,0.7676594257354736,0.2780036926269531,0.8518053293228149,0.3085980713367462
Thales,SaucerSwap,10,-0.7998479008674622,0.24956576526165009,-0.8132928013801575,0.2535877525806427
Verse,SageBet,7,0.7497603297233582,-0.6486252546310425,0.7633741497993469,-0.660373866558075
HSwap,FilDA,8,0.8122729659080505,-0.020113520324230194,0.9758763313293457,-0.02377016842365265
Swarm Markets,VeleroDAO,5,-0.8977392315864563,0.1454174667596817,-0.92088782787323,0.14917431771755219
Altitude,CVI Finance,5,0.47241348028182983,-0.15528860688209534,0.47244229912757874,-0.15288189053535461
Alcor Exchange,RetroDefi,10,-0.45872679352760315,0.6148489713668823,-0.6054693460464478,0.8505674600601196
Artemis Protocol,MM Optimizer Polygon,3,0.5273539423942566,0.5306394696235657,0.7438302636146545,0.7449467182159424
FstSwap,Veplus,3,-0.3346324861049652,0.7084143757820129,-0.39534470438957214,0.8372715711593628
Back Finance,Gravity Bridge,3,-0.34153661131858826,-0.37074214220046997,-0.3447117507457733,-0.36872220039367676
MegaMoon,Jarvis Network,10,0.21239155530929565,0.7791064977645874,0.2585272192955017,0.9619812369346619
Dove Swap V3,YokaiSwap,1,-0.007874120026826859,0.8504476547241211,-0.009470755234360695,0.9736770391464233
Dexioprotocol,EsdtMarket,5,-0.058153122663497925,0.6796941161155701,-0.0843106210231781,0.9674052596092224
Crypto Lottery,Vooi,2,-0.047652535140514374,-0.21862956881523132,-0.3973129987716675,0.8202106952667236
Crypto Lottery,Avely Staking,4,-0.047652535140514374,-0.21862956881523132,0.19910094141960144,-0.9528340101242065
AtomicHub,Elephant Money,9,-0.716892659664154,-0.5790306329727173,-0.6908098459243774,-0.8034362196922302
AtomicHub,Frogge.Finance,6,-0.716892659664154,-0.5790306329727173,-0.9186143279075623,-0.41532081365585327
TotemFi,Asgard Finance,6,-0.2059066742658615,0.8138436675071716,-0.2356470227241516,0.9318459033966064
Teddy Cash,Mover,1,0.4059436619281769,0.7310685515403748,0.45496103167533875,0.8195208311080933
PheasantSwap,GOGOcoin,5,0.46003973484039307,0.5754766464233398,0.5638620853424072,0.7087149024009705
Defi Kingdoms,StableDoin,4,0.4366784393787384,0.4618667960166931,0.46851301193237305,0.4944171607494354
Yeti Finance,Linear Finance,5,-0.26671719551086426,-0.7741518616676331,-0.2921307384967804,-0.8474887013435364
Sherlock,Amulet Protocol,8,0.693388819694519,0.1866149753332138,0.9238302111625671,0.24960559606552124
PancakeSwap AMM,Devil Finance,6,-0.7014988660812378,0.3829866349697113,-0.9021416306495667,0.4811895191669464
Pumpkin DAO,Nerve,7,0.5106506943702698,-0.7515304684638977,0.5235205292701721,-0.7706827521324158
WraithSwap,Syrup Finance,8,0.6450671553611755,-0.2659769356250763,0.8357987403869629,-0.34480994939804077
deBridge,CyberTime,1,-0.7861312031745911,-0.2647671699523926,-0.8901758193969727,-0.29904866218566895
APY Finance,Uniswap V3,5,0.6559479236602783,0.499067485332489,0.7232356667518616,0.5510966777801514
cVault Finance,Contrax Finance,8,-0.5364651679992676,0.5902259945869446,-0.6707702875137329,0.746039092540741
Forge SX Ovens,NiiFi,4,0.6802465915679932,0.046074606478214264,0.8792455792427063,0.06247488781809807
Throne V3,Liqee,1,0.8094326257705688,-0.12657171487808228,0.9521686434745789,-0.14741240441799164
Nacho Finance,Manga FI,5,-0.11688000708818436,-0.8580822944641113,-0.128533735871315,-0.9481555819511414
WePiggy,LowcostSwap,3,-0.19797120988368988,0.745868444442749,0.5750129818916321,0.7760369777679443
WePiggy,Knights of Fantom,8,-0.19797120988368988,0.745868444442749,-0.6710977554321289,0.7288755774497986
Swaap V2,AutoBark,5,-0.5463729500770569,-0.3519171178340912,-0.6933529376983643,-0.4442886412143707
1inch Network,Kaidex,7,0.4935835897922516,-0.6521036028862,0.5771583914756775,-0.7640987634658813
Moon Swap,Ceres Demeter,10,0.4290335178375244,0.66408371925354,0.8930938243865967,0.3831988275051117
Moon Swap,Garbi Protocol,9,0.4290335178375244,0.66408371925354,-0.05772857367992401,0.9640014171600342
FreeRiver,SteakHut Liquidity,3,-0.016939638182520866,0.7601585984230042,-0.0247174259275198,0.9575181603431702
PowerSwap,neuron,4,0.7627121806144714,0.16987502574920654,0.8142892122268677,0.18082217872142792
Bent Finance,Sablier V2,4,-0.14060522615909576,0.8629032969474792,-0.14458538591861725,0.8898645639419556
DeepLock,NFTEarth,4,2.5955452656489797e-05,-0.751646876335144,0.0013710177736356854,-0.9026018381118774
CREAM Lending,MetaLend,4,0.8192228078842163,-0.22148311138153076,0.8455630540847778,-0.22875002026557922
multiverse,CENNZnet Bridge,3,-0.6172714233398438,-0.2142404168844223,-0.6594699621200562,-0.22704997658729553
Elephantdex,Torches,3,-0.3858603835105896,0.7059904336929321,-0.4451720416545868,0.8141297101974487
EthwSwap,Zai Finance,8,-0.3890337646007538,0.644995927810669,-0.4642045497894287,0.7715272903442383
Wasabix,Paraluni Dex,5,-0.07106576859951019,0.07810890674591064,-0.7119275331497192,-0.4903901517391205
Wasabix,Sohei,7,-0.07106576859951019,0.07810890674591064,0.46957695484161377,0.5580203533172607
Solarflare,xDAI Stake Bridge,1,-0.6996030807495117,0.4581182599067688,-0.7985182404518127,0.5224670171737671
PepeDex,Seeder Finance,10,-0.5913564562797546,-0.6599766612052917,-0.630831241607666,-0.7041029930114746
LunaFi,RobiniaSwap,8,0.29640650749206543,-0.8355607390403748,0.31677117943763733,-0.8928724527359009
Sohei,MarginX,1,0.46957695484161377,0.5580203533172607,0.6851341724395752,0.808468759059906
Noah Swap,Sushi Furo,7,0.7910458445549011,-0.03091118112206459,0.9031659364700317,-0.035210564732551575
MetaStreet V1,Voyager,10,0.8605520725250244,-0.19792403280735016,0.884971559047699,-0.20369674265384674
Acala LCDOT,Ribbon Lend,3,-0.25915130972862244,-0.8044536709785461,-0.2816472351551056,-0.8716710209846497
BloXmove,Lifinity,3,-0.6935243010520935,0.31185227632522583,-0.7208121418952942,0.32434308528900146
UniFarm,King Finance,9,-0.8123321533203125,0.3014110028743744,-0.8717151880264282,0.32289400696754456
Wing Finance,The Grand Banks,7,0.32001811265945435,0.864274799823761,0.34485384821891785,0.9359131455421448
QuipuSwap V1,Peel Defi,4,-0.4641544222831726,-0.5919353365898132,-0.6117703318595886,-0.7840994000434875
Wrap Protocol,Bifrost Liquid Staking,2,0.8654738068580627,-0.35798078775405884,0.8718777298927307,-0.3606407940387726
Doglands Swap,Bifrost Liquid Crowdloan,7,0.2860877811908722,0.7973121404647827,0.3378135859966278,0.9553124308586121
Blizz Finance,aSOL,3,0.7130361795425415,-0.4759204089641571,0.8383687138557434,-0.5591297745704651
SatoshiCoreSwap,Peel Defi,6,-0.5995671153068542,-0.767634928226471,-0.6117703318595886,-0.7840994000434875
ICHI,Carbon Defi,7,0.054718174040317535,-0.788720965385437,0.06208578869700432,-0.8871592879295349
CALC,pNetwork,3,0.325593501329422,0.7715449333190918,0.38476377725601196,0.9167320728302002
Set Protocol,ZyberSwap Stableswap,8,-0.5278258919715881,0.47772595286369324,-0.5579398274421692,0.5059595704078674
CGO Finance,DX25,9,0.03501477092504501,0.7103968858718872,0.04572143405675888,0.9948051571846008
StackSwap,Gyro,2,0.33844777941703796,-0.7942082285881042,0.3869501054286957,-0.9155123829841614
Moneyrain Finance,Zunami Protocol,3,0.018420418724417686,-0.8488780856132507,0.018909355625510216,-0.8793653845787048
TON Locker,Sonic,7,-0.5341012477874756,0.6992619633674622,-0.5849742889404297,0.7669339776039124
Step App,Neuronswap,10,0.003241158090531826,-0.7484334707260132,0.0013497989857569337,-0.9911676049232483
LooksRare,FVM Exchange,10,0.35552769899368286,-0.601762592792511,0.3724476397037506,-0.6319561004638672
Metronome V1,Impermax Finance,10,-0.009837308898568153,-0.7253217101097107,-0.014114460907876492,-0.9758331179618835
Photon Protocol,Flamingo Finance,4,0.08677800744771957,0.7061401009559631,0.10210541635751724,0.8372728824615479
Snowball,Bitindi Dex,4,0.6640611290931702,-0.016888843849301338,0.9582498669624329,-0.033802539110183716
FlashLiquidity,Dopex,9,-0.3553118407726288,0.5147202610969543,0.07889392226934433,0.980804979801178
FlashLiquidity,Satin Exchange,5,-0.3553118407726288,0.5147202610969543,-0.9394607543945312,-0.1082114726305008
Juicebox V2,SonicSwap,7,0.20849141478538513,0.6499643325805664,0.3036200702190399,0.9576489329338074
Varen,Venus Core Pool,4,0.6434412002563477,0.285022109746933,0.811439573764801,0.363189160823822
Predy V3,Kokonut Swap,2,-0.6086413264274597,-0.14040149748325348,-0.6608203053474426,-0.15178030729293823
DeltaTheta,FCON DEX,8,-0.821232795715332,-0.1952284723520279,-0.85578453540802,-0.20319105684757233
Multichain,SoarPLS,1,0.06751051545143127,-0.8045915961265564,0.07576756179332733,-0.9092570543289185
SwirlLend,Avalanche,8,0.6674381494522095,0.14854617416858673,0.9003748893737793,0.1992044597864151
UniPower,Gaj Finance,7,-0.5841183662414551,0.3137703835964203,-0.8534387350082397,0.46439671516418457
Lido,Ceres Demeter,7,0.7897312641143799,0.33995673060417175,0.8930938243865967,0.3831988275051117
Pando Rings,BITPIF,3,-0.6729846000671387,0.09899546205997467,-0.8154929280281067,0.1142212375998497
Friktion,ACoconut,5,0.7133280634880066,0.3547586500644684,0.8798108100891113,0.43266406655311584
Astrovault,BoringDAO,10,-0.4758192002773285,-0.5472032427787781,-0.6223949193954468,-0.7226685285568237
Cyclone,MarshmallowDeFi,3,-0.6437432169914246,0.18109528720378876,-0.7997550368309021,0.22551588714122772
Snark Launch,Genesys,8,0.533691942691803,0.6238990426063538,0.6672165989875793,0.787092387676239
Lifinity,Omicron,1,-0.7208121418952942,0.32434308528900146,-0.8415195941925049,0.37943682074546814
Defily,Polly Finance,7,0.15695370733737946,0.9209786057472229,0.1649719476699829,0.9732369184494019
Predy V2,Pickle,3,0.4890034794807434,0.4972255229949951,0.6807758212089539,0.7015103697776794
CVI Finance,CryptoDickbutts,5,0.47244229912757874,-0.15288189053535461,0.18164093792438507,-0.9157611727714539
CVI Finance,Goldfinch,10,0.47244229912757874,-0.15288189053535461,0.6799039840698242,0.3864452540874481
Bored Candy City,Rose,4,-0.8374215364456177,0.408777117729187,-0.8733738660812378,0.42574527859687805
Nomiswap,DeepSeaDAO,5,0.24967876076698303,-0.6609382033348083,0.2614438831806183,-0.6930881142616272
TreeDefi,WeStarter,6,-0.8070329427719116,-0.24981001019477844,-0.8547986149787903,-0.26462504267692566
Liquid Collective,Seedify,9,0.1142272874712944,0.8247343301773071,0.12772955000400543,0.9249767661094666
USK,Phuture,1,0.5019205808639526,0.5231282711029053,0.7267307043075562,0.7443256974220276
BonqDAO,Solv Protocol RWA,3,-0.508024275302887,0.5119419693946838,-0.7049950361251831,0.7073661684989929
JustStables,Euphoria,9,-0.7235839366912842,0.5070191621780396,-0.7434285283088684,0.5209434032440186
Risq Protocol,Derify Protocol,3,0.7397070527076721,0.20453064143657684,0.9519613981246948,0.26270297169685364
Bounce Finance,Parrot Protocol,9,0.2848232090473175,0.7120286822319031,0.3311813175678253,0.8279175758361816
zk-Swap,Celerycash,3,0.6678255200386047,-0.40220507979393005,0.8733235597610474,-0.5262603163719177
LSDx Farm,NBX,9,-0.09133099764585495,-0.8772503733634949,-0.09885933250188828,-0.9528573155403137
Tangent Protocol,zkDX,4,-0.577103853225708,0.5139491558074951,-0.6753104329109192,0.6007621884346008
theGoblins,TempleDAO Trade,9,0.6840505599975586,-0.2858104407787323,0.9199831485748291,-0.37949544191360474
Beethoven X,AirSwap,5,-0.5828348994255066,-0.6199496388435364,-0.6011660099029541,-0.6396545767784119
SpaceFi zkSync,ExinPool,8,0.6741751432418823,-0.22241441905498505,0.7184904217720032,-0.23487654328346252
JewelSwap Leveraged Farming,Timeswap V1,4,0.44647297263145447,-0.7560420036315918,0.4886407256126404,-0.8292337656021118
Bunny,Moonpot,10,-0.01909220777451992,-0.8656216263771057,0.09214042872190475,-0.8814096450805664
Bunny,Uniswap V2,6,-0.01909220777451992,-0.8656216263771057,-0.1621607542037964,-0.8970850110054016
Vesta Finance,RFOX,9,0.7287212014198303,-0.10675912350416183,0.876667320728302,-0.1302042007446289
Yoshi Exchange,Alien Base AMM,9,0.1557115763425827,-0.8336679935455322,0.17338548600673676,-0.933756411075592
ClaimSwap V2,KawaiiSwap,2,0.7564286589622498,0.14923922717571259,0.9649807214736938,0.19108182191848755
Tomb Swap,Hadouken AMM,2,0.7415919303894043,0.15547579526901245,0.9578515887260437,0.20188476145267487
Ajira Pay Finance,Eternal Finance,3,-0.6572532653808594,0.22936218976974487,-0.8619976043701172,0.2994243800640106
The Seed Farm,Hummus Exchange,7,0.04914864897727966,0.025056002661585808,-0.01498884055763483,0.9139314293861389
The Seed Farm,Zookeeper,6,0.04914864897727966,0.025056002661585808,0.11926593631505966,-0.9336657524108887
The Ennead Farm,Zombie Network,5,0.8438855409622192,-0.13134747743606567,0.9346461296081543,-0.14526815712451935
0x NODES,StableDoin,3,0.4347761571407318,0.4599460959434509,0.46851301193237305,0.4944171607494354
Reverse,Spin DOV,10,-0.31082358956336975,-0.07548026740550995,-0.8128395080566406,0.6103721857070923
Reverse,LaserSwap,7,-0.31082358956336975,-0.07548026740550995,0.2885110080242157,-0.8958834409713745
Maple,HedgeFarm,1,0.9373098015785217,-0.07852385193109512,0.9445440173149109,-0.0798395648598671
Tribe3,VaporDex V1,8,-0.9166485667228699,0.060549717396497726,-0.9487181901931763,0.06274514645338058
Octus Bridge,TEN Finance,8,-0.6131614446640015,-0.4604949951171875,-0.7546571493148804,-0.5672276616096497
Savanna Finance,Octus Bridge,3,-0.5696094632148743,-0.4275316298007965,-0.6131614446640015,-0.4604949951171875
DDEX,Conic Finance,1,0.5154817700386047,-0.5855711698532104,0.5961471199989319,-0.6804454326629639
Papa DAO,Sable Finance,5,-0.708912193775177,0.20074136555194855,-0.7367569804191589,0.2083444744348526
Venus Isolated Pools,Duet Protocol,9,-0.331412672996521,0.8260878324508667,-0.3619915246963501,0.9129088521003723
SpectreFi,FTM Frens,9,0.7852460741996765,0.17236582934856415,0.8453521132469177,0.18559139966964722
Bridge Mutual,Astar Exchange V3,4,0.6851012110710144,-0.04524531960487366,0.7317405939102173,-0.04764436185359955
Ethereum Foundation,Cub Finance,4,-0.024979686364531517,0.7609094381332397,-0.0376187302172184,0.9957549571990967
Acumen,Pine Protocol,1,0.22025305032730103,-0.7133720517158508,0.283454030752182,-0.9377181529998779
ShiroSwap,Forteswap,3,-0.7493677139282227,-0.10994629561901093,-0.9426872134208679,-0.13657614588737488
opBANANA,Nexo,6,0.7150648236274719,-0.5360070466995239,0.7445775866508484,-0.5584590435028076
SaharaDAO,Titano Swych,3,-0.7227001190185547,-0.3456624746322632,-0.8885664939880371,-0.4219256639480591
ESCROW,Basetrade,10,0.5861915349960327,-0.608506441116333,0.7323060631752014,-0.7577277421951294
Scrub,BaySwap,8,0.23046787083148956,-0.4933910369873047,0.6142299175262451,-0.6870681643486023
Scrub,StormSwap,1,0.23046787083148956,-0.4933910369873047,-0.8545650243759155,0.04908977076411247
DIP Exchange,Universe XYZ,9,0.6760969758033752,0.4515249729156494,0.8661841154098511,0.5773326754570007
Cykura,Synthetix,5,0.7344914078712463,0.37762919068336487,0.8896637558937073,0.45205023884773254
Sonne Finance,Polymarket,7,-0.5263922214508057,-0.7798119187355042,-0.562251091003418,-0.8358446955680847
OliveDAO,Origin Dollar,1,-0.1825914829969406,-0.9216481447219849,-0.18887503445148468,-0.9577102661132812
AVNU,GoSwap,3,-0.34368953108787537,0.8502698540687561,-0.34740564227104187,0.8595870137214661
The Don Finance,Spartacus Exchange,4,-0.867450475692749,-0.3527044653892517,-0.9417022466659546,-0.38025230169296265
PearlFi,Coffin Finance,1,-0.636367678642273,0.6483809947967529,-0.6290075778961182,0.6408980488777161
Stand Cash,Doge Shrek,7,0.654403805732727,-0.21688860654830933,0.8606078624725342,-0.2859962582588196
Bloom,DFX Finance,2,0.5307387709617615,-0.3022219240665436,0.5786981582641602,-0.32971009612083435
Ondo Finance,Aldrin,9,-0.16148117184638977,0.8348518013954163,-0.18027174472808838,0.9297714233398438
MoonDao,Liquis,1,0.6733109951019287,-0.3740742802619934,0.8109710812568665,-0.4530125856399536
Qubit,Fruits of Ryoshi,9,0.6725460290908813,0.33542993664741516,0.9097219705581665,0.43910032510757446
Phoenix Bonds,SugarSwap,5,-0.5932349562644958,0.09918908774852753,-0.6409008502960205,0.10917115211486816
MOBOX,NerveSwap,7,0.6593541502952576,0.16624845564365387,0.8196064829826355,0.20439746975898743
Balanced,SuperRare,10,0.8336741924285889,-0.07512690126895905,0.9772924780845642,-0.08776583522558212
AutoBark,Merlin,4,-0.6933529376983643,-0.4442886412143707,-0.7568778395652771,-0.4842075705528259
Neutroswap,Armada,2,-0.35279354453086853,-0.7751046419143677,-0.4110453724861145,-0.9138293266296387
FinNexus,Vortex DAO,4,0.07554172724485397,0.8089913129806519,0.08939597010612488,0.9861088991165161
DefiChain DEX,Forta,2,-0.6502596139907837,0.3738473057746887,-0.867449164390564,0.49945497512817383
Black Whale,Depth,7,-0.08649265021085739,0.7031177878379822,-0.12209691852331161,0.9531905651092529
mirrosset,Ociswap,7,0.7494655251502991,-0.04920205473899841,0.984732985496521,-0.06182873621582985
DeHive,Enzyme Finance,7,0.061302270740270615,0.08255624026060104,0.6242935657501221,-0.2067672312259674
DeHive,xDAI Stake Bridge,3,0.061302270740270615,0.08255624026060104,-0.7985182404518127,0.5224670171737671
PulseX V1,FT33 DAO,10,0.6193833351135254,-0.6986960172653198,0.6372360587120056,-0.7189691662788391
Rari Capital,Ace of Base,5,-0.8945346474647522,-0.18811412155628204,-0.9873834252357483,-0.20448806881904602
Friend3,KillSwitch,8,0.1597193330526352,0.21821613609790802,0.28586527705192566,0.9621231555938721
Friend3,ZenDEX,3,0.1597193330526352,0.21821613609790802,-0.046753402799367905,-0.9949946403503418
Astaria,SyncYield,10,-0.8260728716850281,0.14258399605751038,-0.9066721200942993,0.1558069884777069
Tulip,Gravity Bridge,1,-0.3494119346141815,-0.36413511633872986,-0.3447117507457733,-0.36872220039367676
Milky Cow,BambooDeFi,6,-0.53083735704422,-0.5589214563369751,-0.6471932530403137,-0.6808783411979675
Rodeo,Verse,3,0.5414361357688904,-0.4703559875488281,0.7497603297233582,-0.6486252546310425
Neutrino,SwapBased Perp,9,-0.48837530612945557,0.4562011957168579,-0.7647090554237366,0.7070340514183044
CowSwap smartBCH,iZiSwap,10,-0.11817967891693115,-0.8042141795158386,-0.140305757522583,-0.9792231917381287
Yodeswap,Blast API,5,0.838282585144043,-0.3181931674480438,0.9235460162162781,-0.34881654381752014
Simps,Kava Lend,7,-0.18782643973827362,-0.6508268713951111,-0.19505687057971954,-0.6781845092773438
DungeonSwap,Karura Swap,10,0.7937144637107849,0.494243860244751,0.8091263175010681,0.5038262605667114
Atlantis Loans,Merit Circle,1,-0.5527699589729309,0.4854682385921478,-0.6995416283607483,0.15404754877090454
Atlantis Loans,O3 Swap,1,-0.5527699589729309,0.4854682385921478,-0.4748438894748688,0.8515588641166687
MilkySwap,ZKSwap,2,-0.4917861223220825,0.7348379492759705,-0.5545983910560608,0.8331411480903625
ZigZag,ReactorFusion,1,-0.4504488706588745,-0.3952431380748749,-0.575763463973999,-0.5198755264282227
Dogeswap,PolyCub,3,-0.08917858451604843,-0.8276557922363281,0.2267906367778778,-0.6362118721008301
Dogeswap,Clipper,7,-0.08917858451604843,-0.8276557922363281,-0.29326072335243225,-0.9636871218681335
UniTrade,Cook Finance,3,-0.7979386448860168,-0.274432510137558,-0.830879271030426,-0.28590133786201477
FireBot,Klap,4,0.6781514286994934,0.45635953545570374,0.8321954011917114,0.5555208325386047
Laari Finance,Cozy V1,10,0.5566369891166687,-0.41355159878730774,0.7629530429840088,-0.5708844065666199
xDollar,Polygon Bridge & Staking,10,0.5776053071022034,0.615573525428772,0.7113096117973328,0.759153425693512
Acala Swap,SnowSwap,6,-0.29856356978416443,-0.7430352568626404,-0.3421361744403839,-0.8447592854499817
Starfish Liquid Staking,Pinjam Labs,8,0.38820382952690125,0.571527361869812,0.5265302062034607,0.7751103043556213
Ladex Exchange,Asgard Finance,3,-0.18307462334632874,0.7048563957214355,-0.2356470227241516,0.9318459033966064
Algofi Lend,FVM Exchange,4,0.36148643493652344,-0.6123775243759155,0.3724476397037506,-0.6319561004638672
VITCSwap,Nirvana,4,0.48311999440193176,0.674568235874176,0.4988422095775604,0.6976960897445679
Pulsar Money,BridgeKek,8,-0.7298306226730347,0.3388334810733795,-0.927504301071167,0.42289334535598755
PayCash,SuperLauncher,4,0.6359561681747437,-0.3347710967063904,0.8043428063392639,-0.42285236716270447
Flamingo Finance,ParaSpace APE Staking V2,2,0.10210541635751724,0.8372728824615479,0.11111168563365936,0.9162177443504333
Ubeswap,BOB CDP,4,-0.3894321322441101,-0.8325391411781311,-0.41994261741638184,-0.9026199579238892
Covo V1,Wrapped,10,-0.08050695061683655,-0.8531673550605774,-0.09215430170297623,-0.9928191304206848
Credix,Bepswap,6,0.27446117997169495,0.7169361710548401,0.2889450788497925,0.7485666275024414
YFII,Tokenlon,4,0.19760169088840485,-0.3368223309516907,-0.2230396270751953,-0.8075404167175293
YFII,KyberSwap Elastic,2,0.19760169088840485,-0.3368223309516907,0.794134795665741,0.32852062582969666
Unlockd,veDAO,9,0.2927980422973633,-0.8848176002502441,0.3005068600177765,-0.9086377024650574
Ghost,APWine,4,0.9086499214172363,-0.09271102398633957,0.9938070774078369,-0.100165955722332
BiShares,QuipuSwap Stableswap,6,-0.3925192952156067,0.6669545769691467,-0.48885729908943176,0.8330202102661133
XBased,MIND Games,5,0.3410658836364746,-0.8130426406860352,0.3774622678756714,-0.9042385220527649
Caribou Finance,ORA Finance,3,-0.08546827733516693,0.6735998392105103,-0.10404834151268005,0.8548115491867065
Bagelswap,FantomPup,2,-0.8465399146080017,-0.032022710889577866,-0.9135206341743469,-0.035135336220264435
forlend,Osmosis DEX,5,-0.004342108499258757,0.7292653918266296,-0.0042846426367759705,0.9030640125274658
DefiCurrent,Floor Dao,9,0.5646842122077942,-0.6244304776191711,0.5887930989265442,-0.6524309515953064
Rubic,wefi,2,-0.8074576258659363,-0.35318368673324585,-0.8765708208084106,-0.38381797075271606
BendDAO Lending,IMPLS,5,0.4204624593257904,-0.7015769481658936,0.5297302603721619,-0.8913068175315857
Meld Gold,BlackPool,9,0.7922300100326538,0.2671024799346924,0.8548519611358643,0.2882227897644043
Fraxlend,Klaylend Finance,10,-0.20976759493350983,0.6756339073181152,-0.2722129225730896,0.8973206877708435
Hotpot Finance,Frax Ether,8,-0.6144489645957947,0.4172123372554779,-0.7434908151626587,0.5037221312522888
StableDoin,Solunea,5,0.46851301193237305,0.4944171607494354,0.6644643545150757,0.6959101557731628
Tokenlon,SharedStake,7,-0.2230396270751953,-0.8075404167175293,-0.2549225091934204,-0.930607259273529
BITPIF,Port Finance,5,-0.8154929280281067,0.1142212375998497,-0.8852487802505493,0.12184909731149673
Verified Credits,AmesDefi,10,-0.9327957034111023,-0.06488169729709625,-0.975233256816864,-0.06737314909696579
Cardstarter,Fringe,8,0.6704983115196228,0.0653650313615799,0.9371931552886963,0.0951928123831749
KRAV,mStable Yield,2,0.20061948895454407,0.7882254719734192,0.24155473709106445,0.9637961387634277
Litx,ICHI,3,0.05329890549182892,-0.7678797841072083,0.054718174040317535,-0.788720965385437
Yogurt Finance,Rising Undead,9,0.5330846905708313,-0.7050898671150208,0.6302568316459656,-0.8396211266517639
Klondike Finance,Hotpot Finance,9,-0.5651538372039795,0.38413575291633606,-0.6144489645957947,0.4172123372554779
Friends With Benefits,Canto,9,-0.4744044244289398,0.5245041251182556,-0.5265430808067322,0.583753228187561
Vela Exchange,Savvy,6,0.7403057813644409,0.30387285351753235,0.8710557222366333,0.35763871669769287
ShadeLend,Almond,2,0.6546287536621094,-0.33477646112442017,0.9021676182746887,-0.450361043214798
SpookySwap,Dracula,2,0.8309798240661621,-0.15673786401748657,0.9137243032455444,-0.17176973819732666
Cover Protocol,Meter Liquid Staking,1,-0.346704363822937,-0.8101282715797424,-0.344073086977005,-0.8159188032150269
PolyCub,JioSwap,8,0.2267906367778778,-0.6362118721008301,0.33099648356437683,-0.914743185043335
Bonsai Strike,ChainTools,8,-0.7230793833732605,-0.39078232645988464,-0.8966232538223267,-0.47879359126091003
BiSwap V2,Satin Exchange,3,-0.9327890872955322,-0.1074976697564125,-0.9394607543945312,-0.1082114726305008
Paint Swap,Muffin,7,-0.565726637840271,0.6277976632118225,-0.6366860270500183,0.7066160440444946
xBank Finance,Sunrise Gaming,7,0.7107633352279663,-0.25182777643203735,0.9365031123161316,-0.32860779762268066
StellaSwap V2,Lemuria Finance,5,-0.7318630814552307,-0.5943403840065002,-0.8014882802963257,-0.6498399376869202
IQ,3xcalibur,10,-0.24038752913475037,0.7424131631851196,-0.2969655692577362,0.9246286153793335
SafeSwap,Hex,7,0.658626914024353,-0.2428266555070877,0.9066671133041382,-0.3291904628276825
Arbitrove,Concentrator,4,-0.5765722393989563,-0.42792314291000366,-0.6167783141136169,-0.458039253950119
RealT RMM Marketplace,Megaton Finance,2,-0.68207848072052,-0.3282187879085541,-0.7093030214309692,-0.34056463837623596
RskSwap,YFDAI,6,-0.5086921453475952,-0.5925867557525635,-0.6617050766944885,-0.7710704803466797
Base3D,Kasava Dex,2,-0.8508152365684509,-0.37376415729522705,-0.939344584941864,-0.4092170298099518
Merit Circle,1Pulse,4,-0.6995416283607483,0.15404754877090454,-0.735474705696106,0.16121557354927063
Ramses V2,Depth,10,-0.09613671898841858,0.7322387099266052,-0.12209691852331161,0.9531905651092529
ValleySwap,FATFIRE DEFI,7,-0.46527835726737976,-0.6560437083244324,-0.590499997138977,-0.8328210115432739
Binance staked ETH,Sudo Inu,8,0.7459426522254944,0.28795555233955383,0.8544327616691589,0.32887059450149536
MM Stableswap,Yapeswap,6,0.6107465028762817,0.2765522301197052,0.7071906328201294,0.3174857199192047
KibbleSwap,Fuji V1,3,0.039535216987133026,-0.7050281167030334,0.0566362589597702,-0.9225068688392639
stCELO,Satin Exchange,8,-0.9184155464172363,-0.10587266087532043,-0.9394607543945312,-0.1082114726305008
Bank of Cronos Loans,SnowSwap AMM,4,-0.7413727045059204,0.2843075394630432,-0.9527381658554077,0.35432910919189453
Andromeada,Synthetify,8,-0.5887619853019714,0.548354983329773,-0.7406795620918274,0.6938713788986206
Blueshift,Sparkswap,5,-0.30778759717941284,0.682762861251831,-0.3987964391708374,0.9044614434242249
FXDX,Cone,9,-0.3680085241794586,0.7269887924194336,-0.3857596218585968,0.7627996802330017
MahaDAO Arth,ClayStack,6,0.6812286972999573,-0.1710672229528427,0.8768425583839417,-0.2179061621427536
ToxicDeer Finance,Bagelswap,3,-0.7957644462585449,-0.029754633083939552,-0.8465399146080017,-0.032022710889577866
Darkness,Unit Protocol,3,0.41278979182243347,-0.7040317058563232,0.4489509165287018,-0.7687070369720459
Astroport Classic,Venus Core Pool,3,0.6934992671012878,0.3079070746898651,0.811439573764801,0.363189160823822
Telcoin,Fortress Loans,6,0.39940834045410156,0.7870783805847168,0.4030757546424866,0.7944386005401611
Kokomo Finance,Rodeo,6,0.5288703441619873,-0.45971283316612244,0.5414361357688904,-0.4703559875488281
ShibShift,Aperture LM,1,0.09057722985744476,0.7536939978599548,0.4797890782356262,0.7496787905693054
ShibShift,Hummus Exchange,6,0.09057722985744476,0.7536939978599548,-0.01498884055763483,0.9139314293861389
Cone,Kleros,8,-0.3857596218585968,0.7627996802330017,-0.4049779176712036,0.8016459345817566
Revest Finance,Sperax USD,9,-0.5262389779090881,-0.5448763370513916,-0.7055345773696899,-0.7226502895355225
Chest Finance,Wojak Finance,8,-0.59134441614151,-0.4988231062889099,-0.6472051739692688,-0.5464147329330444
Forge SX Trade,Fountain Protocol,5,-0.4555552005767822,0.7281922698020935,-0.5437248945236206,0.8839145302772522
Aequinox,Yapeswap,5,0.6730939745903015,0.3031829595565796,0.7071906328201294,0.3174857199192047
Haedal Protocol,Spartan,2,0.7982701063156128,-0.16171519458293915,0.9002791047096252,-0.18095174431800842
StellaSwap V3,VampireSwap,9,-0.6641435623168945,-0.19108045101165771,-0.6770227551460266,-0.5483598113059998
StellaSwap V3,Synclub Staked BNB,3,-0.6641435623168945,-0.19108045101165771,-0.8946269154548645,0.3668980896472931
1Pulse,Parallel Liquid Staking,2,-0.735474705696106,0.16121557354927063,-0.9371264576911926,0.20188352465629578
GOGOcoin,TruStake MATIC,9,0.5638620853424072,0.7087149024009705,0.5892801284790039,0.7409020066261292
Chronos V1,IFPool,4,0.427104651927948,-0.4722437262535095,0.5095255970954895,-0.5675116181373596
StakeHound,Axl Inu,6,-0.6775602102279663,0.27425533533096313,-0.9267399311065674,0.37056583166122437
StealthPad,MM Stableswap Polygon,9,-0.3026963472366333,0.5922886729240417,-0.4167602062225342,0.8164581656455994
Alchemix,Sweep n Flip,8,-0.8238263726234436,-0.3184681832790375,-0.909795880317688,-0.35028091073036194
DogeDollar,Umbrella Network,5,0.7198358178138733,-0.3522334694862366,0.7481667399406433,-0.3660733103752136
Pendle,Pls2e,6,-0.19865654408931732,0.8676308989524841,-0.2154056429862976,0.941330075263977
Whale Game,SuperRare,8,0.7983874082565308,-0.07143304497003555,0.9772924780845642,-0.08776583522558212
AgarthaDAO,SamoDAO,8,-0.5388818383216858,0.6639220714569092,-0.5687776207923889,0.7008135318756104
Powaa Protocol,ChewySwap,6,-0.6226871609687805,-0.33243805170059204,-0.8480762243270874,-0.4457058906555176
Solend,Orbit Bridge,6,0.18589100241661072,0.8464108109474182,0.2055632323026657,0.9399266242980957
TaiChi,DNA Dollar,10,0.045060474425554276,0.4248923659324646,-0.8245793581008911,0.6512364745140076
TaiChi,Spiral Fi Mixer,10,0.045060474425554276,0.4248923659324646,0.9157255291938782,0.19984695315361023
ChampagneSwap,Avalps,9,0.7475656270980835,0.08479362726211548,0.974175751209259,0.10648643970489502
Perennial V2,Amulet Protocol,6,0.8755406737327576,0.23664157092571259,0.9238302111625671,0.24960559606552124
Mountain Protocol,Strips Finance,6,0.2516850233078003,-0.7598851323127747,0.3051997125148773,-0.9413872361183167
DFX Finance,Quoll,3,0.5786981582641602,-0.32971009612083435,0.7879845499992371,-0.4501197636127472
SamoDAO,Amphora,3,-0.5687776207923889,0.7008135318756104,-0.5845012068748474,0.7200812697410583
Vertex Protocol,Tornado Finance,7,-0.6387789249420166,-0.37753167748451233,-0.8469667434692383,-0.5013534426689148
NEX,AstridDAO,1,-0.5803627371788025,0.6593738198280334,-0.5892317891120911,0.668955385684967
Soda Protocol,XUSD Money,4,0.32139790058135986,-0.17948465049266815,0.8965920209884644,-0.505423367023468
Soda Protocol,Luxor Money,1,0.32139790058135986,-0.17948465049266815,-0.8276025056838989,0.47179070115089417
Polycat Dex,WaterDendy,10,-0.05377739667892456,-0.23474650084972382,-0.8065953850746155,0.32849156856536865
Polycat Dex,Vacus Finance,10,-0.05377739667892456,-0.23474650084972382,0.6978778839111328,-0.7981951236724854
TrueFeedBack,Typhoon Cash,5,0.6031033992767334,0.5171650648117065,0.7415143847465515,0.6351124048233032
BarnBridge,FunBeast,4,-0.7241747975349426,-0.40786436200141907,-0.799238920211792,-0.4497607946395874
Sushi Kashi,LFGSwap EthereumPoW,4,-0.20399248600006104,-0.7283667325973511,-0.26312345266342163,-0.9395244121551514
PlutusDAO,Zunami Protocol,1,0.015420176088809967,-0.7536270022392273,0.018909355625510216,-0.8793653845787048
Megaton Finance,DeFIL,3,-0.7093030214309692,-0.34056463837623596,-0.9129325747489929,-0.4319172501564026
polyfriend.tech,Solrise Finance,9,0.0689253956079483,0.7296156287193298,0.07898499816656113,0.8265582323074341
Ultron Staking Hub NFT,Corgi Finance,2,-0.4747886061668396,-0.7533590197563171,-0.5098345279693604,-0.8111738562583923
MahaLend,Vesta Finance,10,0.6976140141487122,-0.10190486907958984,0.7287212014198303,-0.10675912350416183
ApeDAO,Openworld,5,0.5936902165412903,-0.31177347898483276,0.9128089547157288,-0.4721158742904663
Hector Treasury,LowcostSwap,10,0.5566385984420776,0.7510895729064941,0.5750129818916321,0.7760369777679443
Liqwid,Friendzy,9,-0.13307945430278778,0.8084231615066528,-0.5224119424819946,0.8532013893127441
Liqwid,LeagueDAO,7,-0.13307945430278778,0.8084231615066528,0.2979506552219391,0.8879974484443665
Mosquitos Finance,Meta Pool Near,5,0.44150277972221375,-0.5504741668701172,0.12834402918815613,-0.9192670583724976
Mosquitos Finance,Keep3r Network,4,0.44150277972221375,-0.5504741668701172,0.9013107419013977,-0.27075961232185364
Serum,MM Stableswap,3,0.5807706117630005,0.2638300955295563,0.6107465028762817,0.2765522301197052
TTswap,Gravis Finance,4,0.6842498183250427,0.4769068658351898,0.8586277365684509,0.5953326225280762
BlueBit,Morpheus Swap,3,-0.16569511592388153,0.8602014780044556,-0.17375819385051727,0.9025147557258606
Kinesis Labs,leNFT,9,-0.7699851989746094,-0.4966018795967102,-0.7859012484550476,-0.5066855549812317
Umbrella Network,Solarbeam,8,0.7481667399406433,-0.3660733103752136,0.7936869263648987,-0.3881955146789551
BNPL Pay,Soy Finance,6,-0.8400468230247498,0.32749858498573303,-0.8616692423820496,0.3356395661830902
Adamant Finance,Grim Finance,8,0.42623087763786316,-0.7181700468063354,0.4626249670982361,-0.7813627123832703
Pala,1BCH,2,-0.7856119275093079,0.015860360115766525,-0.9827461838722229,0.023097405210137367
Frax FPI,WaterLoan,5,-0.7949779033660889,-0.24026323854923248,-0.9521398544311523,-0.2837684154510498
Mozaic,Ethernity Chain,3,-0.9064300656318665,-0.17584708333015442,-0.9140151739120483,-0.17767375707626343
Waterfall BSC,MagicFox Vaults,5,0.6285120248794556,-0.5912684798240662,0.746155321598053,-0.7020459771156311
BunnyPark,zkBoost,3,-0.4455242156982422,0.4754609763622284,-0.4682462215423584,0.500170886516571
0x0.ai,Frax Swap,8,-0.06269040703773499,0.7630531787872314,-0.06925567984580994,0.8405699729919434
Aragon,zkEra Finance,4,-0.5925412178039551,0.5815178155899048,-0.6825982928276062,0.6698676347732544
Drip,Arkham,5,0.43584001064300537,0.8095012307167053,0.43878915905952454,0.8149890303611755
Stars Arena,Baryon Network,7,0.07022064924240112,0.13084948062896729,0.7309560179710388,0.7601938843727112
Stars Arena,RubikFarm,5,0.07022064924240112,0.13084948062896729,-0.7106341123580933,-0.6126801371574402
Zappy,TokenPocket,3,-0.29046040773391724,-0.6753660440444946,-0.39968565106391907,-0.9463833570480347
Ethereum,Blur Lending,10,-0.4157366454601288,-0.7119971513748169,-0.47289231419563293,-0.8116406798362732
Chainlink,PepeDex,1,-0.5735796093940735,-0.6405607461929321,-0.5913564562797546,-0.6599766612052917
Tether,JewelSwap NFT Lending,10,-0.3539752960205078,0.7133933901786804,-0.43756571412086487,0.879911482334137
